adh-p1,fr1
alf-p1,fr1
alk-p1,bo2
ama-p1,bo2
ara-p1,bo2
ari-p1,bo2
arc-p1,fr1
ben-p1,bo2
blc-p1,bo2
bls-p1,bo2
bmw-p1,fr1
bsa-p1,bo2
cen-p1,fr1
cen-p2,fr1
cfb-p1,fr1
che-p1,bo2
cmx-p1,bo2
cnv-p1,bo2
cor-p1,bo2
drm-p1,fr1
dym-p2,bo2
edg-p1,bo2
elk-p1,fr1
end-p1,bo2
etn-p1,bo2
ext-p1,fr1
evy-p1,fr1
fhr-p1,fr1
fos-p1,fr1
fsk-p1,fr1
glj-p1,fr1
gor-p1,fr1
gpa-p1,bo2
gyr-p1,fr1
har-p2,bo2
ita-p1,bo2
klg-p1,fr1
kre-p1,fr1
lid-p1,bo2
lin-p1,bo2
loc-p1,fr1
lux-p1,bo2
mab-p1,bo2
maf-p1,fr1
maf-p2,fr1
mcm-p1,bo2
mdc-p1,fr1
mdc-p2,fr1
mgl-p1,bo2
mi2-p1,fr1
msg-p1,fr1
nec-p1,bo2
nvi-p1,bo2
pdh-p1,bo2
phl-p1,fr1
pil-p1,fr1
plh-p1,bo2
ren-p1,bo2
rok-p1,bo2
sam-p1,fr1
sam-p2,fr1
sha-p1,bo2
shi-p1,bo2
smc-p1,bo2
sme-p1,fr1
smm-p1,fr1
sor-p1,bo2
spe-p1,bo2
spg-p1,bo2
spw-p1,bo2
til-p1,bo2
tkn-p1,fr1
tum-p2,bo2
unl-p1,fr1
ust-p1,bo2
ust-p2,bo2
vfc-p1,bo2
vms-p1,fr1
vnx-p1,fr1
wfa-p1,fr1
whp-p1,bo2
wlk-p1,fr1
yan-p1,bo2
faf-b2c-p1,sy2
lul-b2c-p1,ro1
ccv2-cust-c0dnfts4n-albamanag1-p1,weu
ccv2-cust-crli0j5oy-alicorpsa1-p1,use
ccv2-cust-cufqic9a3u-anheuserb1-p1,weu
ccv2-cust-c6cy-chevron1-p1,weu
ccv2-cust-c6cy-chevron1-p2,weu
ccv2-cust-caz6y6vn-bavarianv1-p1,weu
ccv2-cust-cgv8-beiersdor1-p1,weu
ccv2-cust-cq5h3gpf4-benlinkag1-p1,weu
ccv2-cust-cmgii8vaud-brakebros1-p1,weu
ccv2-cust-cj5w9mxky-brusselsa1-p1,weu
ccv2-cust-ct44gdpff-busandser1-p1,weu
ccv2-cust-cemw2z-cobospa1-p1,weu
ccv2-cust-cg0cx-calidadpa1-p1,weu
ccv2-cust-cacl2-caseysret1-p1,use
ccv2-cust-c013j-comercial1-p1,use
ccv2-cust-czj5d6fa-mtp2hybri1-p1,use
ccv2-cust-cv4c9dq9b-daimaniag1-p1,weu
ccv2-cust-cyc4jwb-devicetec1-p1,aue
ccv2-cust-c8uadjzv40-dksh1-p1,aue
ccv2-cust-cgfxsjgx-draegerwe1-p1,weu
ccv2-cust-c4l653e4-durritser1-p1,weu
ccv2-cust-cuyu7qqhig-dutchflow1-p1,weu
ccv2-cust-cuyu7qqhig-dutchflow1-p2,weu
ccv2-cust-cv299s-essaroilu1-p1,weu
ccv2-cust-c4nq-evonikind1-p1,weu
ccv2-cust-crcum8u1-excellige1-p1,use
ccv2-cust-crcum8u1-excellige1-p2,use
ccv2-cust-cffrbw6w-mtprodcus1-p1,weu
ccv2-cust-cuibb-gebrheine1-p1,weu
ccv2-cust-csgwj3u5qm-indiskama2-p1,weu
ccv2-cust-caybp6bc-jsev3-p1,aue
ccv2-cust-c0z0tb-jindalsta1-p1,weu
ccv2-cust-clfyj5-jorisiden1-p1,weu
ccv2-cust-cbc6kqzcb6-kooperati1-p1,weu
ccv2-cust-cqyl18x-kymenlaak1-p3,weu
ccv2-cust-c731ust-leonardos1-p1,weu
ccv2-cust-c5cg8o59n-magenwirt1-p1,weu
ccv2-cust-c1lv7iodag-mercury1-p1,aue
ccv2-cust-clcpyq-metcash1-p1,aue
ccv2-cust-czn5fknwls-newenglan1-p1,use
ccv2-cust-cb7ya-novartisp2-p1,weu
ccv2-cust-cteili-oneworldt1-p1,use
ccv2-cust-cywsi79vjh-parfumeri1-p1,weu
ccv2-cust-cjm1-pentlandg1-p1,weu
ccv2-cust-cjf5-peugeotci1-p1,use
ccv2-cust-cmhfb2ylst-primarkli1-p1,weu
ccv2-cust-c3eqct-provinceo1-p1,use
ccv2-cust-c4luqdg1s-puntromas1-p1,weu
ccv2-cust-cme22ws-rexeldeve1-p1,weu
ccv2-cust-c85a-schneider1-p1,weu
ccv2-cust-c2yi-servicios1-p1,use
ccv2-cust-c0fn96e-sonyinter1-p1,use
ccv2-cust-c70x1-stadtesse1-p1,weu
ccv2-cust-ca6i-thechemou1-p1,use
ccv2-cust-c7carf4al-theliossp1-p1,weu
ccv2-cust-cumfetag-thyssenkr1-p1,weu
ccv2-cust-crb8yd-tibnorab1-p1,weu
ccv2-cust-cxlvgrb-topgloves1-p1,aue
ccv2-cust-cmkwu-toysrusib1-p2,weu
ccv2-cust-cuw5g0co-triluxgro1-p1,weu
ccv2-cust-cuy8wj-umwtoyota1-p1,aue
ccv2-cust-c4fm1cd-valorasch1-p1,weu
ccv2-cust-ch0tpqkj-westerndi1-p1,use
ccv2-cust-cdxt-mtprodcus3-p1,weu
ccv2-cust-cmi4hiwf-wihurioy1-p1,weu
ccv2-cust-c3a8-yelllimit1-p1,weu